{
"source_1": 74.01325066816365,
"source_2": 74.01316534108913,
"source_3": 74.01316534108913,
"source_4": 74.01325072299372,
"source_5": 74.0132490456113,
"source_6": 74.0132490456113,
"source_7": 74.0131352324082,
"source_8": 63.46725336662928,
"source_9": 74.0132490456113,
"source_10": 74.0132492674257,
"source_11": 74.01316534108913,
"source_12": 63.46785960006202,
"source_13": 63.46783534597382,
"source_14": 63.468095394314034,
"source_15": 51.013249976127476,
"source_16": 74.0132490456113,
"source_17": 74.0132490456113,
"source_18": 74.01325072983127,
"source_19": 74.01313500567554,
"source_20": 74.01325066816365,
"source_21": 74.01325069701856,
"source_22": 74.01325072299372,
"source_23": 74.01312284870048,
"source_24": 74.01318508683029,
"source_25": 63.46774844929548,
"source_26": 48.377118991283794,
"source_27": 48.377112694964794,
"source_28": 74.0131352324082,
"source_29": 74.01316204094068,
"source_30": 74.01311498556241,
"source_31": 63.46785960006202,
"sink_1": 74.01325066816365,
"sink_2": 74.01316534108913,
"sink_3": 3.9985817530038297,
"sink_4": 3.9985817530038315,
"sink_5": 74.01316534108913,
"sink_6": 41.004865250738774,
"sink_7": 41.0047205237881,
"sink_8": 63.46785960006202,
"sink_9": 53.28104392547677,
"sink_10": 41.00488858677628,
"sink_11": 41.004889275602146,
"sink_12": 41.00486408084819,
"sink_13": 41.00488870035577,
"sink_14": 41.004865511020775,
"sink_15": 41.00488904588208,
"sink_16": 41.00487251589758,
"sink_17": 74.01325072299372,
"sink_18": 74.0132490456113,
"sink_19": 74.0132490456113,
"sink_20": 74.01324904560583,
"sink_21": 74.01324904560337,
"sink_22": 48.37713648590155,
"sink_23": 7.9840609822803215,
"sink_24": 63.46785960006202,
"sink_25": 41.00486657994511,
"sink_26": 74.01447583959977,
"sink_27": 41.00486649535968,
"sink_28": 41.004865511020775,
"sink_29": 41.00486408084819,
"sink_30": 41.004889275602146,
"sink_31": 41.004889275602146,
"sink_32": 41.00488870035577,
"sink_33": 41.00489147344141,
"sink_34": 7.984283236493786,
"sink_35": 7.984207584090262,
"sink_36": 7.984270320408237,
"sink_37": 7.984263473285957,
"sink_38": 7.9842701590237715,
"sink_39": 7.984222489873884,
"sink_40": 7.984181853807687,
"sink_41": 7.9840734751379205,
"sink_42": 7.984294993133868,
"sink_43": 7.984123733341724,
"sink_44": 7.984072120673545,
"sink_45": 7.984080893635887,
"sink_46": 7.984312918969635,
"sink_47": 7.984207584108418,
"sink_48": 7.98426841665527,
"sink_49": 3.99858175300383,
"sink_50": 3.998581753003844,
"sink_51": 3.9985818838506395,
"sink_52": 3.998578480222551,
"sink_53": 15.097030336984718,
"sink_54": 15.097030598212617,
"sink_55": 15.097031071007187,
"sink_56": 3.998578480222551,
"sink_57": 3.998578648757464,
"sink_58": 3.9985790074515037,
"sink_59": 3.998581883849501,
"sink_60": 3.9985823812473424,
"sink_61": 3.998599127843927,
"sink_62": 3.998599127845527,
"sink_63": 3.9985824893681294,
"sink_64": 3.9985824635929395,
"sink_65": 3.9985824635929488,
"sink_66": 3.9985821492699194,
"sink_67": 3.9985821492699283,
"sink_68": 41.00488775669078,
"sink_69": 41.00489147344141,
"sink_70": 41.00489808088949,
"sink_71": 29.566080073714662,
"sink_72": 29.566080073714662,
"sink_73": 7.562694990718134,
"sink_74": 7.562694990718141,
"sink_75": 41.004868167020035,
"sink_76": 41.004868167020035,
"sink_77": 41.00486699097943,
"sink_78": 7.562694990718159,
"sink_79": 41.00486699097943,
"sink_80": 41.00486699097911,
"sink_81": 41.00487660395817,
"sink_82": 41.00490056827894,
"sink_83": 41.00489147344141,
"sink_84": 40.9942983766712,
"sink_85": 40.9942983766712,
"sink_86": 40.9942983766712,
"sink_87": 41.0049005682752,
"sink_88": 40.994587502339904,
"sink_89": 40.99367051038451,
"sink_90": 40.99377219807208,
"sink_91": 40.994416910245356,
"sink_92": 40.99369292354798,
"sink_93": 40.993977623325904,
"sink_94": 41.004889275602146,
"sink_95": 41.004889275602146,
"sink_96": 41.00488858677628,
"sink_97": 41.004874094715724,
"sink_98": 41.00500731785892,
"sink_99": 41.004862764408664,
"sink_100": 41.004855706891846,
"sink_101": 41.00483234356261,
"sink_102": 41.00482283601656,
"sink_103": 41.00476729696941,
"sink_104": 41.004740357118386,
"sink_105": 41.0047205237881,
"sink_106": 40.988325748873486,
"sink_107": 40.98832574886013,
"sink_108": 40.98832574888698,
"sink_109": 51.01325,
"sink_110": 63.468095394314034,
"sink_111": 74.0132490456113,
"sink_112": 74.0132490456113,
"sink_113": 48.37713071163051,
"sink_114": 74.01325072299372,
"sink_115": 48.377112694964794,
"sink_116": 74.01325066816365,
"sink_117": 48.377118991283794,
"sink_118": 74.01325066816365,
"sink_119": 53.28104392547677,
"sink_120": 74.01316204094068,
"sink_121": 63.467674671066604,
"sink_122": 74.01324926744522,
"sink_123": 63.46761190461353,
"sink_124": 63.46800837502182,
"sink_125": 63.46783534597382,
"sink_126": 55.16195762598203,
"sink_127": 74.01316204094068,
"sink_128": 74.01311498556241,
"sink_129": 63.46785960006202,
"innode_1": 63.46809539195888,
"innode_2": 63.46725336698173,
"innode_3": 74.01325072302006,
"innode_4": 74.01325072302336,
"innode_5": 74.01325072302501,
"innode_6": 74.01325072302171,
"innode_7": 74.01325072558008,
"innode_8": 74.01325072323361,
"innode_9": 74.01325072296578,
"innode_10": 74.01325072290705,
"innode_11": 74.01325072293834,
"innode_12": 74.01325072264729,
"innode_13": 74.01325072282171,
"innode_14": 74.0132507228568,
"innode_15": 74.01325072132889,
"innode_16": 3.9985817530038297,
"innode_17": 3.9985817530038306,
"innode_18": 63.4680953924095,
"innode_19": 7.984076203597199,
"innode_20": 7.984073475138493,
"innode_21": 7.9840758436780535,
"innode_22": 7.98407620358277,
"innode_23": 41.00489147344141,
"innode_24": 41.00489147344141,
"innode_25": 14.487855498225949,
"innode_26": 14.487855498225953,
"innode_27": 41.00489147344141,
"innode_28": 74.01316534108913,
"innode_29": 63.468095399024335,
"innode_30": 63.468095396669185,
"innode_31": 63.468095387092724,
"innode_32": 63.46809539195888,
"innode_33": 7.562694990718141,
"innode_34": 7.562694990718141,
"innode_35": 41.00486699097943,
"innode_36": 7.562694990718159,
"innode_37": 74.01324904560614,
"innode_38": 74.01324904560606,
"innode_39": 74.01324904560624,
"innode_40": 74.01324904560597,
"innode_41": 74.01324904560691,
"innode_42": 74.01324904560529,
"innode_43": 74.0132490456113,
"innode_44": 74.0132490456113,
"innode_45": 74.01355836086425,
"innode_46": 74.01324923118602,
"innode_47": 74.01324904560583,
"innode_48": 74.0132490456352,
"innode_49": 74.01324921998712,
"innode_50": 74.0132490456157,
"innode_51": 74.0132490456009,
"innode_52": 74.01324904557349,
"innode_53": 74.01324904560337,
"innode_54": 74.01313500043973,
"innode_55": 74.01313500075524,
"innode_56": 3.998581753003851,
"innode_57": 3.998578480222551,
"innode_58": 15.09702585868802,
"innode_59": 41.00486657994511,
"innode_60": 41.00486087812161,
"innode_61": 74.01318508683029,
"innode_62": 74.01312284870048,
"innode_63": 74.01324904560337,
"innode_64": 74.01313499642623,
"innode_65": 63.46783534597382,
"innode_66": 63.46783534597382,
"innode_67": 41.00488904588208,
"innode_68": 41.00487251589758,
"innode_69": 41.00488870035577,
"innode_70": 40.9942983766712,
"innode_71": 40.9942983766712,
"innode_72": 7.984303229351418,
"innode_73": 7.984303229351418,
"innode_74": 7.9840762035977715,
"innode_75": 7.984072560515167,
"innode_76": 7.984072364948559,
"innode_77": 7.984270320406535,
"innode_78": 7.984270125615891,
"innode_79": 7.9842687258259595,
"innode_80": 7.984268685826478,
"innode_81": 7.984265390913916,
"innode_82": 7.984265390913897,
"innode_83": 7.98406098217133,
"innode_84": 7.984063168755464,
"innode_85": 7.984314808999657,
"innode_86": 7.984270320409941,
"innode_87": 7.984270320408237,
"innode_88": 7.984314808999657,
"innode_89": 7.984072560500166,
"innode_90": 7.984072364963559,
"innode_91": 7.984270159023753,
"innode_92": 7.9842701590237715,
"innode_93": 7.98426347328604,
"innode_94": 7.984270093470562,
"innode_95": 7.984269840742054,
"innode_96": 7.984080893614449,
"innode_97": 7.984263473285957,